{
    "type": "minecraft:crafting_shaped",
    
    "pattern":
    [
        "I",
        "B",
        "S"
    ],
    
    "key":
    {
        "I":
        {
            "item": "minecraft:iron_ingot",
            "count": 1
        },
		"B":
        {
            "item": "cw:black_iron_ingot",
            "count": 1
        },
		"S":
        {
            "item": "cw:iron_rod",
            "count": 1
        }
    },
    
    "result":
    {
        "item": "cw:conscience",
        "count": 1
    }
}