{
    "type": "minecraft:crafting_shaped",
    
    "pattern":
    [
        " P ",
        "PMP",
        " S "
    ],
    
    "key":
    {
        "M":
        {
            "item": "cw:magenta_steel_ingot",
            "count": 1
        },
		"P":
        {
            "item": "cw:purple_steel_ingot",
            "count": 1
        },
		"S":
        {
            "item": "cw:black_iron_rod",
            "count": 1
        }
    },
    
    "result":
    {
        "item": "cw:dargvandil",
        "count": 1
    }
}