{
    "type": "minecraft:crafting_shaped",
    
    "pattern":
    [
        "BDB",
        "BDB",
        " S "
    ],
    
    "key":
    {
        "D":
        {
            "item": "cw:black_diamond",
            "count": 1
        },
		"B":
        {
            "item": "minecraft:blue_dye",
            "count": 1
        },
		"S":
        {
            "item": "cw:black_iron_rod",
            "count": 1
        }
    },
    
    "result":
    {
        "item": "cw:dark_shadow",
        "count": 1
    }
}