{
    "type": "minecraft:crafting_shaped",
    
    "pattern":
    [
        " B ",
        "GBG",
        " S "
    ],
    
    "key":
    {
        "B":
        {
            "item": "cw:blue_steel_ingot",
            "count": 1
        },
		"G":
        {
            "item": "cw:lightgray_steel_ingot",
            "count": 1
        },
		"S":
        {
            "item": "cw:gray_iron_rod",
            "count": 1
        }
    },
    
    "result":
    {
        "item": "cw:dark_slicer",
        "count": 1
    }
}