{
    "type": "minecraft:crafting_shaped",
    
    "pattern":
    [
        "W",
        "G",
        "S"
    ],
    
    "key":
    {
        "W":
        {
            "item": "cw:white_steel_ingot",
            "count": 1
        },
		"G":
        {
            "item": "cw:lightgray_steel_ingot",
            "count": 1
        },
		"S":
        {
            "item": "cw:white_iron_rod",
            "count": 1
        }
    },
    
    "result":
    {
        "item": "cw:durandal",
        "count": 1
    }
}