{
    "type": "minecraft:crafting_shaped",
    
    "pattern":
    [
        "RB",
        "GS",
        " S"
    ],
    
    "key":
    {
        "G":
        {
            "item": "cw:green_iron_ingot",
            "count": 1
        },
		"R":
        {
            "item": "cw:red_iron_ingot",
            "count": 1
        },
		"B":
        {
            "item": "cw:brown_iron_ingot",
            "count": 1
        },
		"S":
        {
            "item": "cw:yellow_iron_rod",
            "count": 1
        }
    },
    
    "result":
    {
        "item": "cw:el_chopo",
        "count": 1
    }
}