{
    "type": "minecraft:crafting_shaped",
    
    "pattern":
    [
        "BB",
        "RS",
        " S"
    ],
    
    "key":
    {
        "R":
        {
            "item": "cw:red_diamond",
            "count": 1
        },
		"B":
        {
            "item": "cw:lightblue_diamond",
            "count": 1
        },
		"S":
        {
            "item": "cw:yellow_iron_rod",
            "count": 1
        }
    },
    
    "result":
    {
        "item": "cw:elderly_axe",
        "count": 1
    }
}