{
    "type": "minecraft:crafting_shaped",
    
    "pattern":
    [
        "GDG",
        "GDG",
        " S "
    ],
    
    "key":
    {
        "D":
        {
            "item": "cw:black_diamond",
            "count": 1
        },
		"G":
        {
            "item": "minecraft:light_gray_dye",
            "count": 1
        },
		"S":
        {
            "item": "cw:black_iron_rod",
            "count": 1
        }
    },
    
    "result":
    {
        "item": "cw:elucidator",
        "count": 1
    }
}