{
    "type": "minecraft:crafting_shaped",
    
    "pattern":
    [
        "O",
        "Y",
        "P"
    ],
    
    "key":
    {
        "O":
        {
            "item": "cw:orange_iron_ingot",
            "count": 1
        },
		"Y":
        {
            "item": "cw:yellow_iron_ingot",
            "count": 1
        },
		"P":
        {
            "item": "cw:purple_iron_rod",
            "count": 1
        }
    },
    
    "result":
    {
        "item": "cw:ender_blade",
        "count": 1
    }
}