{
    "type": "minecraft:crafting_shaped",
    
    "pattern":
    [
        " O ",
        "RYR",
        " S "
    ],
    
    "key":
    {
        "R":
        {
            "item": "cw:red_steel_ingot",
            "count": 1
        },
		"O":
        {
            "item": "cw:orange_steel_ingot",
            "count": 1
        },
		"Y":
        {
            "item": "cw:yellow_steel_ingot",
            "count": 1
        },
		"S":
        {
            "item": "cw:yellow_iron_rod",
            "count": 1
        }
    },
    
    "result":
    {
        "item": "cw:fire_smasher",
        "count": 1
    }
}