{
    "type": "minecraft:crafting_shaped",
    
    "pattern":
    [
        " GS",
        "Y S",
        " GS"
    ],
    
    "key":
    {
        "G":
        {
            "item": "cw:green_iron_rod",
            "count": 1
        },
		"Y":
        {
            "item": "cw:yellow_iron_rod",
            "count": 1
        },
		"S":
        {
            "item": "minecraft:string",
            "count": 1
        }
    },
    
    "result":
    {
        "item": "cw:green_longbow",
        "count": 1
    }
}