{
    "type": "minecraft:crafting_shaped",
    
    "pattern":
    [
        " I ",
        "IWI",
        " B "
    ],
    
    "key":
    {
        "I":
        {
            "item": "cw:lightgray_steel_ingot",
            "count": 1
        },
		"W":
        {
            "item": "cw:white_iron_rod",
            "count": 1
        },
		"B":
        {
            "item": "cw:black_iron_rod",
            "count": 1
        }
    },
    
    "result":
    {
        "item": "cw:gridarvol",
        "count": 1
    }
}