{
    "type": "minecraft:crafting_shaped",
    
    "pattern":
    [
        " GS",
        "B S",
        " GS"
    ],
    
    "key":
    {
        "G":
        {
            "item": "cw:lightgray_iron_rod",
            "count": 1
        },
		"B":
        {
            "item": "cw:lightblue_iron_rod",
            "count": 1
        },
		"S":
        {
            "item": "minecraft:string",
            "count": 1
        }
    },
    
    "result":
    {
        "item": "cw:larc_qul_ne_faut",
        "count": 1
    }
}