{
    "type": "minecraft:crafting_shaped",
    
    "pattern":
    [
        "IBI",
        "IRI"
    ],
    
    "key":
    {
        "I":
        {
            "item": "minecraft:iron_ingot",
            "count": 1
        },
		"B":
        {
            "item": "minecraft:stone_button",
            "count": 1
        },
		"R":
        {
            "item": "minecraft:redstone",
            "count": 1
        }
    },
    
    "result":
    {
        "item": "cw:lightsaber_handle_empty",
        "count": 1
    }
}