{
    "type": "minecraft:crafting_shaped",
    
    "pattern":
    [
        " I ",
        "IRI",
        " S "
    ],
    
    "key":
    {
        "I":
        {
            "item": "minecraft:iron_ingot",
            "count": 1
        },
		"R":
        {
            "item": "cw:iron_rod",
            "count": 1
        },
		"S":
        {
            "item": "cw:brown_iron_rod",
            "count": 1
        }
    },
    
    "result":
    {
        "item": "cw:training_mace",
        "count": 1
    }
}