{
    "type": "minecraft:crafting_shaped",
    
    "pattern":
    [
        "PP",
        "GS",
        " S"
    ],
    
    "key":
    {
        "P":
        {
            "item": "cw:purple_steel_ingot",
            "count": 1
        },
		"G":
        {
            "item": "cw:lightgray_steel_ingot",
            "count": 1
        },
		"S":
        {
            "item": "cw:black_iron_rod",
            "count": 1
        }
    },
    
    "result":
    {
        "item": "cw:nadr",
        "count": 1
    }
}