{
    "type": "minecraft:crafting_shaped",
    
    "pattern":
    [
        "N",
        "B",
        "S"
    ],
    
    "key":
    {
        "N":
        {
            "item": "cw:black_steel_ingot",
            "count": 1
        },
		"B":
        {
            "item": "cw:blue_steel_ingot",
            "count": 1
        },
		"S":
        {
            "item": "cw:black_iron_rod",
            "count": 1
        }
    },
    
    "result":
    {
        "item": "cw:night_sky_sword",
        "count": 1
    }
}