{
    "type": "minecraft:crafting_shaped",
    
    "pattern":
    [
        "OP ",
        "BDG",
        " YR"
    ],
    
    "key":
    {
        "P":
        {
            "item": "minecraft:purple_dye",
            "count": 1
        },
		"B":
        {
            "item": "minecraft:blue_dye",
            "count": 1
        },
		"G":
        {
            "item": "minecraft:lime_dye",
            "count": 1
        },
		"Y":
        {
            "item": "minecraft:yellow_dye",
            "count": 1
        },
		"O":
        {
            "item": "minecraft:orange_dye",
            "count": 1
        },
		"R":
        {
            "item": "minecraft:red_dye",
            "count": 1
        },
		"D":
        {
            "item": "minecraft:diamond",
            "count": 1
        }
    },
    
    "result":
    {
        "item": "cw:rainbow_diamond",
        "count": 1
    }
}